{
  "train_loss": [
    1.6323837750512709,
    1.6102201838430723,
    1.6177336778023452,
    1.5832962826984684,
    1.49126451041193,
    1.397640914756518,
    1.298412454555136,
    1.1301399594638168,
    0.9474759206835479,
    0.8029146174361804,
    0.6902447533989275,
    0.5841101217007205,
    0.5113064678691926,
    0.4174113097195161,
    0.376456464539833,
    0.30196000467995854,
    0.2328326734704906,
    0.1725883941346897,
    0.13397289040065566,
    0.14563977252834365
  ],
  "val_loss": [
    1.6094613439971475,
    1.6095862577338973,
    3.1212045080134327,
    1.633166930718508,
    1.6991311277218695,
    1.7675480807850819,
    1.6652078969878783,
    1.6880202906528357,
    3.150801637371547,
    2.9263590073348853,
    2.9839886929092327,
    3.464798971488247,
    3.6869656778152704,
    4.173494491608833,
    5.505782445644024,
    4.389347985659457,
    6.502471663623505,
    8.149507251359815,
    4.9273655110787695,
    6.461173871584511
  ],
  "val_acc": [
    0.2070808283233133,
    0.2010688042752171,
    0.20040080160320642,
    0.25250501002004005,
    0.2651970607882432,
    0.2665330661322645,
    0.37207748830995324,
    0.35671342685370744,
    0.3152972611890448,
    0.3460253841015364,
    0.342685370741483,
    0.3346693386773547,
    0.35537742150968604,
    0.39011356045424184,
    0.3921175684702739,
    0.3760855043420174,
    0.3420173680694723,
    0.32197728790915164,
    0.3800935203740815,
    0.32665330661322645
  ],
  "epoch_time": [
    9959.792456388474,
    4223.620756864548,
    3737.3953211307526,
    1203.5148918628693,
    981.1403703689575,
    992.3687818050385,
    984.3804759979248,
    991.3716473579407,
    985.2992024421692,
    991.4914062023163,
    705.9362192153931,
    474.0077431201935,
    474.4716911315918,
    473.7558546066284,
    472.1667437553406,
    472.382675409317,
    473.09187364578247,
    473.8381974697113,
    472.8812234401703,
    472.6997039318085
  ]
}