{
  "train_loss": [
    1.9592611083277949,
    1.605576925807529,
    1.5875592474584226,
    1.507691259737368,
    1.211408833662669,
    1.1438266657016896,
    1.131784826517105,
    1.0413431381737743,
    1.020728279043127,
    1.0208912745670036,
    0.9115532989855166,
    0.8687231132277736,
    0.8611807469968442,
    0.8344712135968385,
    0.7962685481265739,
    0.7588694228066338,
    0.717122443848186,
    0.6351179668196926,
    0.6096528569857279,
    0.6197084149828663
  ],
  "val_loss": [
    1.633901544411977,
    1.6292267084121703,
    1.5221953868865967,
    1.3307245035966238,
    1.1665202190478643,
    1.3703087051709493,
    1.453216411670049,
    1.3404352883497874,
    1.7385031044483186,
    1.7723096330960593,
    0.8904220223426819,
    0.9014541814724605,
    1.1510140389204024,
    0.9345632453759511,
    0.7903493925929069,
    0.804047787686189,
    0.7231658264994621,
    1.006015672783057,
    1.3761907009330268,
    0.6663802035152913
  ],
  "val_acc": [
    0.21376085504342018,
    0.23046092184368738,
    0.30394121576486305,
    0.3800935203740815,
    0.4308617234468938,
    0.43219772879091517,
    0.38209752839011357,
    0.41148964595858384,
    0.3954575818303273,
    0.2758851035404142,
    0.6012024048096193,
    0.5664662658650634,
    0.4789579158316633,
    0.5617902471609887,
    0.6666666666666666,
    0.6746826987307949,
    0.698062792251169,
    0.5885103540414162,
    0.5731462925851704,
    0.7127588510354042
  ],
  "epoch_time": [
    696.5705711841583,
    1437.437821149826,
    1250.954641342163,
    1700.4878420829773,
    1434.931468963623,
    1450.0282707214355,
    1467.3700184822083,
    1620.75301527977,
    1876.0425860881805,
    1097.6393780708313,
    1212.5023403167725,
    1056.0464465618134,
    1136.0695996284485,
    1191.6524922847748,
    1309.25803732872,
    1182.927583694458,
    1242.70063662529,
    1147.6408240795135,
    909.2410361766815,
    893.4244623184204
  ]
}