{
  "train_loss": [
    1.9755789792096172,
    1.374397878293638,
    1.246311159045608,
    1.210758246757366,
    1.1265172792805567,
    1.0799288429595806,
    1.0911306650550276,
    1.000079690306275,
    0.9811943758417059,
    0.9327943744482817,
    0.8005517191357083,
    0.7882233604236886,
    0.7799591377929405,
    0.8469073021853412,
    0.7354758503260436,
    0.6850038308788229,
    0.6634087253499914,
    0.6319244658505475,
    0.5888118274785854,
    0.5649889288125215
  ],
  "val_loss": [
    1.4861019690831503,
    1.364236330986023,
    2.484212099512418,
    1.053769572575887,
    1.2400512317816417,
    1.3017042428255081,
    1.202794365088145,
    0.9499386797348658,
    1.0080457389354707,
    1.0187117467323938,
    0.8572085400422415,
    1.0333563437064488,
    0.7878514448801677,
    0.804160538315773,
    0.8154552549123764,
    0.6996886899073919,
    0.8447951972484589,
    0.712823419769605,
    0.6833902359008789,
    0.7417335728804271
  ],
  "val_acc": [
    0.27788911155644624,
    0.3587174348697395,
    0.38410153640614564,
    0.4562458249832999,
    0.4355377421509686,
    0.4455577822311289,
    0.49498997995991983,
    0.5591182364729459,
    0.5163660654642619,
    0.5384101536406145,
    0.6219104876419506,
    0.5898463593854375,
    0.6499665998663995,
    0.6526386105544422,
    0.6205744822979292,
    0.7181028724114896,
    0.6165664662658651,
    0.706746826987308,
    0.7120908483633934,
    0.6947227788911156
  ],
  "epoch_time": [
    284.1632001399994,
    466.3818373680115,
    651.197491645813,
    647.531054019928,
    639.1124038696289,
    643.3092358112335,
    656.4592580795288,
    635.9651417732239,
    626.0350451469421,
    617.7855248451233,
    604.7583136558533,
    610.0007402896881,
    611.7721500396729,
    556.2032022476196,
    545.1529626846313,
    486.25962567329407,
    437.4814441204071,
    404.0550847053528,
    343.3532557487488,
    338.8725211620331
  ]
}