{
  "train_loss": [
    1.1776352005976218,
    1.0815913092207026,
    0.9939977968180621,
    0.9047490181746306,
    0.8285283766410969,
    0.7533285010744024,
    0.736570057493669,
    0.6872932789502321,
    0.7000387465512311,
    0.6502265610076763,
    0.6717047095298767,
    0.5992937104569541,
    0.5675068541809365,
    0.5382286989026599,
    0.5353163226887032,
    0.49407274138044427,
    0.53068707883358,
    0.5187038530906042,
    0.4879803188421108,
    0.45377640840080047
  ],
  "val_loss": [
    1.100100568930308,
    1.4209735492865245,
    1.0391845613718034,
    0.9843984251221021,
    1.0290235201517741,
    1.0739221612612406,
    0.8402123510837555,
    0.7326250473658243,
    0.9323384771744411,
    0.9266667728622754,
    0.6438053041696549,
    0.6039433583617211,
    0.6301060587167739,
    0.7158233699699242,
    0.5334034961958726,
    0.5300685678919156,
    1.4176138527380924,
    0.544113178551197,
    0.65252185339729,
    0.770667490363121
  ],
  "val_acc": [
    0.511690046760187,
    0.4074816299265197,
    0.5811623246492986,
    0.5778223112892451,
    0.5811623246492986,
    0.5878423513694054,
    0.644622578490314,
    0.6847027388109552,
    0.6399465597862392,
    0.6105544422177689,
    0.738810955243821,
    0.7461589846359385,
    0.7374749498997996,
    0.7314629258517034,
    0.7929191716766867,
    0.7688710754843019,
    0.5731462925851704,
    0.7828991315965264,
    0.7595190380761523,
    0.7080828323313293
  ],
  "epoch_time": [
    27.758625268936157,
    25.692838430404663,
    25.640873670578003,
    25.627259254455566,
    25.631037950515747,
    25.679763555526733,
    25.682172536849976,
    25.69973087310791,
    25.705156326293945,
    25.747065544128418,
    47.8785080909729,
    50.90860366821289,
    47.5804443359375,
    55.28859782218933,
    55.162824392318726,
    61.092718839645386,
    68.69010734558105,
    51.49221444129944,
    46.38770031929016,
    46.42402529716492
  ]
}