{
  "train_loss": [
    1.24001278479894,
    0.7938978164284317,
    0.5511796220585152,
    0.4691451661012791,
    0.34500041714421026,
    0.22439527621975652,
    0.15529339319026028,
    0.10598305723181477,
    0.0871621708351153,
    0.058044403343013036,
    0.051512713751031294,
    0.02034230254314564,
    0.01952752079469738,
    0.01566843541028599,
    0.00862035398474998,
    0.003802002079922844,
    0.0032233755768242256,
    0.002532114100176841,
    0.0018714136375045335,
    0.0013684498176358088
  ],
  "val_loss": [
    2.6244201064109802,
    1.1647290031115214,
    1.3940002878506979,
    1.0001134912172953,
    0.8357675172388553,
    0.6321760639548302,
    0.6003435571988424,
    0.7196480572223664,
    1.095484948406617,
    2.286546446852541,
    0.8169798076152801,
    0.9203943138321241,
    0.8456419090429942,
    0.8073940386374792,
    0.8790898747742176,
    0.6309533208608628,
    0.6690557315945626,
    0.6253074665864309,
    0.6507258892059327,
    0.652774985631307
  ],
  "val_acc": [
    0.25250501002004005,
    0.5778223112892451,
    0.5270541082164328,
    0.6593186372745491,
    0.6793587174348698,
    0.7742150968603875,
    0.7935871743486974,
    0.7715430861723447,
    0.7201068804275217,
    0.5557782231128925,
    0.770875083500334,
    0.7488309953239813,
    0.7682030728122913,
    0.7835671342685371,
    0.7668670674682698,
    0.8363393453573814,
    0.8249832999331997,
    0.8323313293253173,
    0.8323313293253173,
    0.8283233132932531
  ],
  "epoch_time": [
    335.10561513900757,
    487.68118238449097,
    479.55080223083496,
    503.09130239486694,
    500.43926334381104,
    494.4759645462036,
    502.92683005332947,
    506.7699365615845,
    528.7459213733673,
    513.1117942333221,
    534.5139193534851,
    520.4763758182526,
    517.5556089878082,
    525.7394490242004,
    521.3841390609741,
    471.23486852645874,
    470.60010051727295,
    430.9256479740143,
    383.1905310153961,
    369.92014479637146
  ]
}