{
  "train_loss": [
    1.1825499402152166,
    0.7932494746314155,
    0.6065785101166478,
    0.5426816211806403,
    0.4421858588854472,
    0.35743928176385387,
    0.3473444912168715,
    0.26664822741791055,
    0.207731946474976,
    0.16474105859244312,
    0.13144454208237152,
    0.09331888181191904,
    0.07281481957545986,
    0.05173028701985324,
    0.04033082378683267,
    0.04670595136229639,
    0.03450131844039316,
    0.017687277954623656,
    0.009254784892416663,
    0.008010466345930818
  ],
  "val_loss": [
    2.742207821210225,
    1.078419534365336,
    0.8283067961533864,
    0.9985797166824341,
    0.7647552529970805,
    0.7778384799758593,
    1.0519208470980326,
    0.673975462714831,
    0.7294089128573735,
    0.5982454285025597,
    1.022492493192355,
    0.6119999058544636,
    0.7163424213727315,
    0.7490484098593394,
    0.8251263812184334,
    1.0357547412316004,
    0.7089345340927442,
    0.8008815348148346,
    0.8355527351299922,
    0.7949653431773186
  ],
  "val_acc": [
    0.2665330661322645,
    0.5531062124248497,
    0.6746826987307949,
    0.6332665330661322,
    0.7107548430193721,
    0.7127588510354042,
    0.6680026720106881,
    0.7688710754843019,
    0.772879091516366,
    0.7989311957247829,
    0.6840347361389446,
    0.7922511690046761,
    0.7962591850367402,
    0.7675350701402806,
    0.7702070808283233,
    0.7615230460921844,
    0.8082832331329325,
    0.7929191716766867,
    0.7949231796927188,
    0.8129592518370073
  ],
  "epoch_time": [
    2371.7307784557343,
    2856.6043841838837,
    2856.1544415950775,
    2912.6219551563263,
    2817.3672103881836,
    2514.574235200882,
    2563.4704990386963,
    2389.1432197093964,
    2431.8598613739014,
    1891.35320186615,
    1022.4280822277069,
    1071.4421904087067,
    939.0413870811462,
    1071.5212206840515,
    1101.8507251739502,
    992.4641840457916,
    815.0933039188385,
    1018.707870721817,
    927.8873834609985,
    832.3185393810272
  ]
}