{
  "train_loss": [
    1.0787835628898055,
    0.7723714985229351,
    0.6095989142303113,
    0.49969595670700073,
    0.41633330561496595,
    0.3223436147802406,
    0.2781982914441162,
    0.2226401937228662,
    0.19820852336232309,
    0.15371366100454772,
    0.09852013702469843,
    0.063269910523323,
    0.04612249768925486,
    0.05178753915242851,
    0.07158234215307015,
    0.09064724097994191,
    0.059054284960169484,
    0.03054290567524731,
    0.010679599518577257,
    0.01660408262654932
  ],
  "val_loss": [
    1.1710707604885102,
    1.0811778381466866,
    1.1783134780824185,
    1.1194571604331334,
    0.5928992892305056,
    1.634428062972923,
    0.7199702292059859,
    0.6475832391530275,
    0.6916629013915857,
    0.8592075848331054,
    0.771035635812829,
    0.8175645804032683,
    0.8526761435282727,
    0.8760661852235595,
    0.5745351242522398,
    0.9512078584482272,
    0.6835398664077122,
    1.089180938868473,
    0.712242369602124,
    0.7765041048017641
  ],
  "val_acc": [
    0.5290581162324649,
    0.6025384101536406,
    0.58249832999332,
    0.6472945891783567,
    0.7788911155644622,
    0.5831663326653307,
    0.7688710754843019,
    0.7922511690046761,
    0.7722110888443554,
    0.7287909151636607,
    0.7668670674682698,
    0.7561790247160989,
    0.7855711422845691,
    0.7782231128924516,
    0.8423513694054776,
    0.770875083500334,
    0.8149632598530394,
    0.7100868403473614,
    0.8269873079492318,
    0.7942551770207081
  ],
  "epoch_time": [
    1397.7825591564178,
    1174.1774294376373,
    1395.7873764038086,
    1118.9913492202759,
    1298.8445329666138,
    1400.0517148971558,
    1145.0865359306335,
    1086.7383093833923,
    1194.2450551986694,
    1298.1203610897064,
    1039.4638555049896,
    1025.7889971733093,
    1092.3059437274933,
    979.652081489563,
    1077.7091002464294,
    1036.783302307129,
    1096.0305099487305,
    1071.0693700313568,
    1100.4603357315063,
    981.5380353927612
  ]
}