{
  "train_loss": [
    1.124265131023195,
    0.7569695357923154,
    0.5230786993547722,
    0.41257846383032976,
    0.2966728428447688,
    0.19697575416002008,
    0.14858786071892138,
    0.0832246443670657,
    0.06634766673151818,
    0.09537958184740057,
    0.04534852416771981,
    0.03752223137093501,
    0.02017935692263698,
    0.061560318326681025,
    0.02960540085203118,
    0.057701895358385866,
    0.1079616820939851,
    0.04255954723123944,
    0.018545771918811457,
    0.013925869470565684
  ],
  "val_loss": [
    1.3804945766925811,
    1.0496594632665317,
    0.8886129193007946,
    0.6900962625940641,
    0.615591648221016,
    0.988615246489644,
    0.8043065913021564,
    0.6715831353639563,
    0.8665730147622526,
    1.219965194662412,
    0.7725788516302904,
    0.8514868115579399,
    0.6831412322819232,
    0.9363861260314782,
    1.2781642167673757,
    0.846285110215346,
    0.8211046770215035,
    0.7254150126750271,
    0.7963017890850703,
    0.7133297876765331
  ],
  "val_acc": [
    0.47227788911155644,
    0.6192384769539078,
    0.7014028056112225,
    0.758183032732131,
    0.7828991315965264,
    0.6933867735470942,
    0.7528390113560455,
    0.7889111556446226,
    0.7802271209084837,
    0.6706746826987308,
    0.7762191048764195,
    0.7621910487641951,
    0.8109552438209753,
    0.7501670006680027,
    0.6860387441549766,
    0.800935203740815,
    0.772879091516366,
    0.8062792251169004,
    0.7982631930527722,
    0.8176352705410822
  ],
  "epoch_time": [
    510.70594477653503,
    651.7940545082092,
    647.9271185398102,
    623.1151897907257,
    653.4359209537506,
    652.9052362442017,
    642.372802734375,
    628.8263254165649,
    618.8911619186401,
    609.1229047775269,
    615.388872385025,
    603.9784846305847,
    549.7337138652802,
    544.8835301399231,
    471.8208894729614,
    436.38230443000793,
    394.94166445732117,
    342.2111940383911,
    332.96438217163086,
    294.25408816337585
  ]
}