{
  "train_loss": [
    1.677642253250946,
    1.6190417545597728,
    1.617619938854876,
    1.6148996936000086,
    1.6150334267410507,
    1.6147228110798304,
    1.6164928168337966,
    1.6168855198776073,
    1.615505308908101,
    1.6142195475705345,
    1.6166763620573406,
    1.615060594963088,
    1.6149842396909704,
    1.6154654657192122,
    1.6139469610593555,
    1.6159420114968104,
    1.6153001800934323,
    1.615484971534915,
    1.6148245688003626,
    1.6158227164123564
  ],
  "val_loss": [
    1.846352916721033,
    35.063516713398144,
    1.7571056004098518,
    1.671556604370405,
    1.6821509403790644,
    1.8846535306416436,
    1.6443836016103914,
    1.7137032510761268,
    1.757267862578273,
    1.6959197414502671,
    1.7681103956922342,
    1.6780441979129233,
    1.8835920703509648,
    1.657944138956293,
    1.7356102948954844,
    1.7107704621437954,
    1.6846317150788699,
    1.7437979838572586,
    1.7627996439406612,
    1.6910372742351565
  ],
  "val_acc": [
    0.21509686038744155,
    0.19906479625918505,
    0.15831663326653306,
    0.19372077488309952,
    0.19438877755511022,
    0.18570474281897129,
    0.19973279893119572,
    0.18570474281897129,
    0.19238476953907815,
    0.18770875083500335,
    0.14362057448229792,
    0.15030060120240482,
    0.18971275885103542,
    0.19839679358717435,
    0.18770875083500335,
    0.19706078824315298,
    0.18971275885103542,
    0.20307281229124916,
    0.20240480961923848,
    0.18570474281897129
  ],
  "epoch_time": [
    11032.859952449799,
    4668.074704647064,
    2689.026258945465,
    1081.4598729610443,
    1086.1385836601257,
    1089.2142779827118,
    1090.4111144542694,
    1081.7977457046509,
    1085.0992262363434,
    696.6394078731537,
    501.1501262187958,
    503.9917070865631,
    501.5728769302368,
    502.9828472137451,
    501.8132953643799,
    504.27907061576843,
    502.13598895072937,
    502.1422486305237,
    327.34713196754456,
    195.5312385559082
  ]
}