{
  "train_loss": [
    1.2104008506845545,
    0.8900673941329673,
    0.8100356547920792,
    0.7903124888737997,
    0.6713190387796473,
    0.5936986748818998,
    0.5223566017769001,
    0.4779330679663905,
    0.4586878882514106,
    0.5000941256682078,
    0.40457860628763836,
    0.36147806931425025,
    0.3781848836828161,
    0.32864078493029986,
    0.27491782164132156,
    0.28197542164060807,
    0.28928122365916215,
    0.225281513399548,
    0.2359925296019625,
    0.2375872355920297
  ],
  "val_loss": [
    3.6574748476346333,
    1.2170393665631611,
    1.2057389477888742,
    4.00590415050586,
    0.9982915908098221,
    1.0041860659917197,
    2.0234167248010637,
    1.0998089760541916,
    2.406696054711938,
    1.6956761272003253,
    0.5716956088940303,
    1.1216299535085759,
    0.6022679348786671,
    0.7011155227820078,
    0.8421530014524857,
    0.8451084901889165,
    0.6710415939490001,
    0.6367261812090874,
    0.5452775875727336,
    0.6525971981386344
  ],
  "val_acc": [
    0.22110888443553775,
    0.4916499665998664,
    0.5410821643286573,
    0.27788911155644624,
    0.5985303941215765,
    0.6432865731462926,
    0.5370741482965932,
    0.6232464929859719,
    0.539746158984636,
    0.5270541082164328,
    0.7688710754843019,
    0.6760187040748163,
    0.7802271209084837,
    0.7474949899799599,
    0.7287909151636607,
    0.72812291249165,
    0.7748830995323981,
    0.7755511022044088,
    0.8102872411489646,
    0.802939211756847
  ],
  "epoch_time": [
    547.792195558548,
    2720.453916788101,
    2813.3817009925842,
    2904.4660799503326,
    2766.917937040329,
    2829.866477251053,
    2545.011155605316,
    2627.3821103572845,
    2492.9235248565674,
    2252.1867570877075,
    1583.093510389328,
    1065.076949596405,
    1050.615117073059,
    1091.8437435626984,
    1119.1118412017822,
    1092.3199396133423,
    905.8035714626312,
    978.1564018726349,
    1107.5603866577148,
    977.8913173675537
  ]
}