{
  "train_loss": [
    1.2221029533280268,
    0.8451410929361979,
    0.6912340543888233,
    0.6432840901392477,
    0.5857224188469075,
    0.4437850625426681,
    0.43023048286084775,
    0.37918000916639966,
    0.3575570086638133,
    0.3160115855711478,
    0.2699720876084434,
    0.2831691351753694,
    0.25221973105713175,
    0.22488812246808298,
    0.2088007159807064,
    0.1382075228072979,
    0.15385600676139197,
    0.08954180197583304,
    0.10459189820620748,
    0.07410231722449814
  ],
  "val_loss": [
    3.706237703561783,
    2.1709141234556832,
    1.039667111635208,
    3.593292836348216,
    1.48871824045976,
    1.4702100952466328,
    1.92843897168835,
    0.919355704387029,
    0.5903905928134918,
    0.769293196996053,
    1.6435877939065298,
    2.1842900432646273,
    0.8486164977153142,
    1.1344490006566048,
    0.5606532722711564,
    0.8787625839312871,
    0.7129787981510163,
    0.8183074772357941,
    0.8836008351606627,
    0.46790637299418447
  ],
  "val_acc": [
    0.27054108216432865,
    0.4455577822311289,
    0.6185704742818972,
    0.35070140280561124,
    0.5364061456245826,
    0.58249832999332,
    0.5390781563126252,
    0.6920507682030728,
    0.7762191048764195,
    0.738810955243821,
    0.5731462925851704,
    0.5250501002004008,
    0.7588510354041417,
    0.678690714762859,
    0.7969271877087508,
    0.7909151636606546,
    0.8149632598530394,
    0.7828991315965264,
    0.7688710754843019,
    0.8704074816299265
  ],
  "epoch_time": [
    134.58014822006226,
    202.65783381462097,
    242.18684554100037,
    394.1941406726837,
    509.3588037490845,
    472.5680067539215,
    520.6569316387177,
    487.1793224811554,
    511.9880864620209,
    507.99538803100586,
    500.7990531921387,
    524.8650579452515,
    534.8508138656616,
    528.3468043804169,
    518.6649646759033,
    523.3592157363892,
    523.0077130794525,
    498.94942569732666,
    460.9456226825714,
    463.26253366470337
  ]
}