{
  "train_loss": [
    2.4801776585755526,
    1.5838648169128984,
    1.5466703220650002,
    1.4654111862182617,
    1.3151256464145802,
    1.1715224694322657,
    1.103202482064565,
    1.0853702205198783,
    1.0493034146450184,
    0.952708034603684,
    0.9234384430779351,
    0.8887010658228839,
    0.8393485722718416,
    0.8621982689257022,
    0.8218632583264951,
    0.7958993823439987,
    0.7465332128383495,
    0.7225039005279541,
    0.7200692075270193,
    0.6677302773352023
  ],
  "val_loss": [
    10.900606391827266,
    1.5338961601257324,
    1.6085001150767009,
    1.4023267189661661,
    1.1539731303850809,
    1.16920774380366,
    1.0524932702382406,
    1.2329150358835856,
    1.04759379029274,
    1.0340417782465616,
    1.0187106947104136,
    0.8785913070042928,
    2.115588323275248,
    2.45625018676122,
    0.900288712978363,
    1.077999432881673,
    1.1323305130004884,
    1.2860389749209087,
    0.9381314754486084,
    0.911543587843577
  ],
  "val_acc": [
    0.19906479625918505,
    0.3186372745490982,
    0.28724114896459585,
    0.342685370741483,
    0.4288577154308617,
    0.4168336673346693,
    0.48563794255177023,
    0.45958583834335337,
    0.5016700066800267,
    0.5724782899131596,
    0.5170340681362725,
    0.6212424849699398,
    0.3847695390781563,
    0.40681362725450904,
    0.5591182364729459,
    0.6052104208416834,
    0.5831663326653307,
    0.5337341349365398,
    0.612558450233801,
    0.6132264529058116
  ],
  "epoch_time": [
    201.34261012077332,
    243.13533926010132,
    388.3984160423279,
    504.5071277618408,
    471.17364168167114,
    510.02103662490845,
    491.42980003356934,
    507.59289622306824,
    505.0322759151459,
    503.8650825023651,
    526.2562716007233,
    535.0919914245605,
    527.6340131759644,
    514.1795766353607,
    517.1517269611359,
    510.7317349910736,
    503.6436631679535,
    463.17585849761963,
    462.20676612854004,
    420.8679220676422
  ]
}