{
  "train_loss": [
    2.3304278585645886,
    1.5579803034111306,
    1.4191127176638003,
    1.2462763256496854,
    1.1304107043478224,
    1.0739790157035545,
    1.0407489935557048,
    1.1579795325243916,
    1.0494650182900604,
    1.005400249251613,
    0.9532794886165195,
    0.9451287631635312,
    0.9129217421566999,
    0.8885788564328794,
    0.8540940814548068,
    0.8364178207185533,
    0.8060173193613688,
    0.7679140766461691,
    0.7979565969219914,
    0.7162080009778341
  ],
  "val_loss": [
    30.96188513437907,
    1.638644524415334,
    2.1019452929496767,
    1.1698917627334595,
    1.1681559642155965,
    1.1574364284674326,
    1.063516612847646,
    1.3607096036275228,
    1.4946924100319545,
    1.3170289476712544,
    1.02097544670105,
    1.1801740050315856,
    0.9580476522445679,
    0.972163979212443,
    1.000627875328064,
    1.0171870430310568,
    0.9129284113645554,
    0.77304079135259,
    0.8943931142489115,
    1.0526295651992161
  ],
  "val_acc": [
    0.17768871075484302,
    0.32331329325317304,
    0.23513694054776219,
    0.4515698062792251,
    0.4589178356713427,
    0.45090180360721444,
    0.49632598530394123,
    0.4168336673346693,
    0.43420173680694724,
    0.39412157648630597,
    0.48430193720774883,
    0.47762191048764197,
    0.5130260521042084,
    0.5711422845691383,
    0.5410821643286573,
    0.5317301269205077,
    0.6279225116900468,
    0.6653306613226453,
    0.6533066132264529,
    0.6325985303941216
  ],
  "epoch_time": [
    687.0946924686432,
    2847.5699310302734,
    2831.359387397766,
    2949.586478471756,
    2892.119397163391,
    2682.482314348221,
    2551.816563844681,
    2578.4145319461823,
    2501.656861782074,
    2152.814666032791,
    1431.6078627109528,
    1090.8473172187805,
    1038.2231826782227,
    1151.5487105846405,
    1088.1457386016846,
    1095.6800253391266,
    895.1158802509308,
    991.3131077289581,
    1103.7619004249573,
    973.863055229187
  ]
}