{
  "train_loss": [
    1.1922740811732278,
    0.9039595963349983,
    0.7892937597943775,
    0.6753091389563546,
    0.6035074271372894,
    0.49376219043980785,
    0.44856743447816194,
    0.4267933008386128,
    0.35375141875067756,
    0.37553133159431057
  ],
  "val_loss": [
    1.1473508877189535,
    1.0557037246854681,
    2.3100946580893114,
    1.4035115941966836,
    1.9137758498913364,
    0.9302330832732352,
    0.5740156942292264,
    0.7790187459046903,
    0.5232349332838663,
    1.5167570564762602
  ],
  "val_acc": [
    0.4983299933199733,
    0.575818303273213,
    0.3754175016700067,
    0.5651302605210421,
    0.47695390781563124,
    0.6740146960587843,
    0.7715430861723447,
    0.7034068136272545,
    0.8049432197728791,
    0.5878423513694054
  ],
  "epoch_time": [
    726.8717355728149,
    721.3217113018036,
    706.813556432724,
    728.7155368328094,
    716.5998034477234,
    694.5966956615448,
    684.6162581443787,
    656.4369792938232,
    665.3598663806915,
    660.6996922492981
  ]
}