{
  "train_loss": [
    1.2104058906213562,
    0.9618524606548139,
    0.8156800483589741,
    0.7006552566343279,
    0.5792297240513474,
    0.5476749107908847,
    0.5400170919610493,
    0.4480102286854787,
    0.43590246474564964,
    0.424941399649008
  ],
  "val_loss": [
    1.0131168192938755,
    1.1566812364678634,
    0.7839374432438299,
    0.8158310600801518,
    0.6854216440727836,
    0.7624506413152343,
    0.9395603723824024,
    0.6390477203224835,
    0.9485937709871092,
    1.3013155687796443
  ],
  "val_acc": [
    0.5430861723446894,
    0.5297261189044756,
    0.6726786907147628,
    0.6887107548430194,
    0.700066800267201,
    0.6833667334669339,
    0.6292585170340681,
    0.7508350033400134,
    0.678690714762859,
    0.6098864395457582
  ],
  "epoch_time": [
    1086.6476230621338,
    1160.9780218601227,
    1203.8677842617035,
    1302.7339053153992,
    1232.4864826202393,
    1303.9134023189545,
    1241.064933538437,
    1314.1532542705536,
    1307.5351428985596,
    1287.20410490036
  ]
}