{
  "train_loss": [
    1.20443351621981,
    0.9382732344998254,
    0.810664219988717,
    0.715576974330125,
    0.6105642092448694,
    0.4828950310194934,
    0.4952291658631078,
    0.44298702092082415,
    0.39585914586981136,
    0.3921632010627676,
    0.3437516416112582,
    0.3069654275421743,
    0.23671242829274247,
    0.25866266781533204,
    0.21351834621142457,
    0.25454268680402525,
    0.17558135754532284,
    0.12938294245826978,
    0.15879538403479038,
    0.09619905749611833,
    0.12298248622014567,
    0.1363310264768424,
    0.10653112959806565,
    0.06723537073574132,
    0.06428309335994224,
    0.07999552527649535,
    0.04768226534145436,
    0.0666877353279334,
    0.023598325503472652,
    0.0531374683595021,
    0.12349575251789281,
    0.06467079848516732,
    0.035410145651204164,
    0.03505785297225143,
    0.021803803660010022,
    0.07358559172199522,
    0.021108264908737812,
    0.00885606376148105,
    0.04216023939160449,
    0.02288931486934113,
    0.007020442010899488,
    0.007671756595300394,
    0.03761576120666211,
    0.030272033832497307,
    0.15033006119645304,
    0.07647238602361607,
    0.032323601312883615,
    0.042991187243455055,
    0.06256286560609522,
    0.014689682284370065
  ],
  "val_loss": [
    1.1732618103424708,
    1.311182909210523,
    1.49323575507539,
    1.134715686738491,
    0.815677035227418,
    0.7738249056041241,
    0.9716035137573878,
    0.755758165808705,
    0.8197505906224251,
    3.9371997673568937,
    0.7059449158608914,
    0.6245551620765278,
    1.165074711453053,
    0.5045341855691124,
    0.5729835070669651,
    1.5320147299285358,
    0.45302310039599736,
    1.1292208901014722,
    0.5314231311281522,
    0.6982539306705197,
    0.6037386987979213,
    0.5960412790377935,
    0.8525437073937306,
    0.7786668357439339,
    0.7033732373267412,
    0.8688569258277615,
    0.6542706135349969,
    0.5977137420326472,
    0.614608217527469,
    0.7845733052740494,
    0.7630100299914678,
    0.6080136915047963,
    0.6626623220159672,
    0.6680576235676805,
    0.7544878457983335,
    0.7069537490858541,
    0.6582318803916375,
    0.8122041118874525,
    0.7505351637645314,
    0.6250189188246925,
    0.819421906453014,
    0.7069989707655623,
    0.7993054928549099,
    0.7180466445783774,
    0.6624345245460669,
    0.6473828552678849,
    0.6621050136784713,
    0.6438772647020717,
    0.5172799640335143,
    0.6800383295863867
  ],
  "val_acc": [
    0.509686038744155,
    0.48363393453573816,
    0.49899799599198397,
    0.584502338009352,
    0.6893787575150301,
    0.7241148964595858,
    0.6506346025384101,
    0.7441549766199065,
    0.7201068804275217,
    0.42084168336673344,
    0.7421509686038744,
    0.790247160988644,
    0.7160988643954576,
    0.8196392785571143,
    0.8096192384769539,
    0.6793587174348698,
    0.8430193720774883,
    0.7561790247160989,
    0.8530394121576487,
    0.8283233132932531,
    0.800935203740815,
    0.8249832999331997,
    0.7995991983967936,
    0.8470273881095525,
    0.8476953907815631,
    0.7869071476285905,
    0.8343353373413493,
    0.8470273881095525,
    0.8643954575818303,
    0.8350033400133601,
    0.8336673346693386,
    0.8590514362057449,
    0.8583834335337341,
    0.8557114228456913,
    0.8577154308617234,
    0.8430193720774883,
    0.8557114228456913,
    0.843687374749499,
    0.8283233132932531,
    0.8704074816299265,
    0.8476953907815631,
    0.8710754843019372,
    0.8470273881095525,
    0.8730794923179692,
    0.8263193052772211,
    0.8537074148296593,
    0.8476953907815631,
    0.8557114228456913,
    0.875751503006012,
    0.8690714762859052
  ],
  "epoch_time": [
    74.29208493232727,
    75.38443398475647,
    126.38110995292664,
    211.050626039505,
    304.85965490341187,
    552.1786708831787,
    642.6932580471039,
    646.0016069412231,
    624.6631395816803,
    654.6831293106079,
    655.2455806732178,
    634.569794178009,
    632.4269618988037,
    615.6215937137604,
    604.7363333702087,
    617.362254858017,
    596.8572800159454,
    546.8763799667358,
    538.0327203273773,
    469.70916652679443,
    433.6271028518677,
    381.66812920570374,
    340.07158374786377,
    327.4550452232361,
    290.47323775291443,
    249.3809368610382,
    248.97110676765442,
    250.5840494632721,
    255.00414848327637,
    249.67700481414795,
    248.7997806072235,
    253.64048099517822,
    253.4905970096588,
    252.26265001296997,
    251.4036886692047,
    255.8911793231964,
    254.2281322479248,
    252.01633214950562,
    248.85619711875916,
    253.4394407272339,
    250.98415803909302,
    251.91803097724915,
    249.51539373397827,
    255.37392449378967,
    256.87584161758423,
    259.97068333625793,
    205.39026927947998,
    198.96231341362,
    196.14687728881836,
    199.12418389320374
  ]
}