{
  "train_loss": [
    1.1930054128170013,
    0.973869271852352,
    0.8454668886131711,
    0.7531265031408381,
    0.6926780221638856,
    0.6115372191976618,
    0.6367188460297055,
    0.508002006345325,
    0.495425213266302,
    0.48768785043999,
    0.4483422358278875,
    0.380218764146169,
    0.34966123987127234,
    0.3558330671102912,
    0.3285551181545964,
    0.2939582798216078,
    0.2757311555798407,
    0.2470000402794944,
    0.2226561752182466,
    0.2177285324368212,
    0.22531218095510094,
    0.19577627694579186,
    0.2120990947716766,
    0.21834486405606623,
    0.17222120371405725,
    0.14518475567025166,
    0.0985396513197985,
    0.054790169535273756,
    0.14694007079082508,
    0.16529371354866912,
    0.09302516340243595,
    0.08035060011402324,
    0.04137059210161506,
    0.046418774290941656,
    0.06366178204512431,
    0.18148707742457865,
    0.07938984417813588,
    0.03667836566455662,
    0.03141158387922958,
    0.029808025755402114,
    0.03730840773722674,
    0.03721513679354555,
    0.034834063005055885,
    0.10190134117793706,
    0.03992107044043088,
    0.05476298196461155,
    0.0578667562373017,
    0.08997360701431278,
    0.05330801016707146,
    0.01867135504747879
  ],
  "val_loss": [
    1.3689637720584868,
    1.5693183362483978,
    1.238968483110269,
    1.0111481070518493,
    1.0534265945355097,
    0.6922100229809681,
    1.547699149666975,
    0.5753858625888825,
    1.215698810418447,
    1.182713108882308,
    0.8515088486174742,
    0.4839250216881434,
    0.5204204829409719,
    0.5945760912882785,
    1.324209266062826,
    2.5004215684874604,
    0.4261730837325255,
    0.6574312813269595,
    0.6238958929354946,
    1.208944390178658,
    0.458818791868786,
    0.6483987959722678,
    0.8379004159942269,
    0.6266808463260531,
    0.459541623108089,
    0.512270343877996,
    0.44470898352058913,
    0.8518972470386265,
    0.6604331575954954,
    0.7364228443669466,
    0.7087254256010056,
    0.5272361932322382,
    0.4980797957609563,
    0.7169459771675368,
    0.698624839730716,
    0.46980541733404,
    0.7611939744402965,
    0.6019660482338319,
    0.7719521170676065,
    0.5476683997859557,
    0.6321895295133193,
    0.5875975207192823,
    0.7209908758600553,
    0.7946148739506801,
    0.6929418531207678,
    0.6907971046244105,
    0.5973393147743384,
    0.736919246093991,
    0.5935522640744845,
    0.6910495325922966
  ],
  "val_acc": [
    0.44422177688710757,
    0.42752171008684037,
    0.5390781563126252,
    0.6172344689378757,
    0.6078824315297261,
    0.7247828991315965,
    0.5497661990647963,
    0.7695390781563126,
    0.614562458249833,
    0.5945223780895124,
    0.6920507682030728,
    0.8289913159652639,
    0.8142952571810287,
    0.7822311289245157,
    0.6379425517702071,
    0.5384101536406145,
    0.8376753507014028,
    0.7875751503006012,
    0.8256513026052105,
    0.7441549766199065,
    0.8209752839011356,
    0.7849031396125584,
    0.7762191048764195,
    0.8142952571810287,
    0.8557114228456913,
    0.8496993987975952,
    0.8670674682698731,
    0.8283233132932531,
    0.800935203740815,
    0.7969271877087508,
    0.802939211756847,
    0.8663994655978624,
    0.8663994655978624,
    0.8550434201736807,
    0.8236472945891784,
    0.8410153640614563,
    0.8430193720774883,
    0.8643954575818303,
    0.8316633266533067,
    0.8643954575818303,
    0.8483633934535738,
    0.8563794255177021,
    0.8350033400133601,
    0.8089512358049432,
    0.8643954575818303,
    0.8563794255177021,
    0.8550434201736807,
    0.843687374749499,
    0.8684034736138945,
    0.8537074148296593
  ],
  "epoch_time": [
    1264.944759607315,
    1561.0454878807068,
    1234.3304679393768,
    1420.243756532669,
    1421.5367703437805,
    1654.318921327591,
    1533.9607298374176,
    1299.1237862110138,
    1659.958364725113,
    1106.9390935897827,
    1130.7784242630005,
    1101.8863410949707,
    1127.7457790374756,
    1144.139779806137,
    1132.6940364837646,
    1093.4965288639069,
    1131.8711473941803,
    1057.8307931423187,
    919.6784856319427,
    875.3347976207733,
    637.8310596942902,
    594.188967704773,
    539.6696398258209,
    577.8146727085114,
    621.162725687027,
    588.6238567829132,
    617.490487575531,
    575.4320216178894,
    595.9404480457306,
    568.0137021541595,
    556.9574613571167,
    562.7602665424347,
    531.484790802002,
    597.7426521778107,
    617.3518948554993,
    505.6687202453613,
    585.4659230709076,
    524.7309372425079,
    386.63202714920044,
    354.4092197418213,
    354.22719526290894,
    352.59840273857117,
    351.5447771549225,
    352.4120843410492,
    367.0131413936615,
    365.6007490158081,
    357.16503715515137,
    352.58249735832214,
    353.7112560272217,
    351.884649515152
  ]
}