{
  "train_loss": [
    1.4710434530286807,
    0.9279043000394139,
    0.677618534805683,
    0.516823562942655,
    0.4168912444805585,
    0.3253472450300657,
    0.2971377556752442,
    0.26326256804901926,
    0.22412727604749805,
    0.20001887111983663,
    0.1717960340548019,
    0.14825083221693633,
    0.11490135360956985,
    0.10004112362153832,
    0.11018884587611488,
    0.09816568724969972,
    0.07499393029457001,
    0.06582250623265831,
    0.07036173590305793,
    0.058145054572636024
  ],
  "val_loss": [
    1.454553531222767,
    2.154116286025815,
    2.339934074556929,
    1.5128698837458117,
    1.4776591059951512,
    1.6464498438483568,
    1.532770897896289,
    2.561297613662047,
    3.1857632543439385,
    1.9944401979242858,
    2.436466326786097,
    1.8968217768790387,
    2.15948217389601,
    2.689447538837252,
    2.0890929732511676,
    2.0798962765381495,
    3.537685773022356,
    2.136290393091846,
    2.5943190340968543,
    2.9062170502293485
  ],
  "val_acc": [
    0.3954575818303273,
    0.3179692718770875,
    0.26720106880427524,
    0.4021376085504342,
    0.3593854375417502,
    0.3473613894455578,
    0.40080160320641284,
    0.2531730126920508,
    0.269873079492318,
    0.44422177688710757,
    0.30861723446893785,
    0.40414161656646624,
    0.4575818303273213,
    0.39478957915831664,
    0.38810955243820977,
    0.5270541082164328,
    0.3199732798931196,
    0.3861055444221777,
    0.3380093520374082,
    0.3927855711422846
  ],
  "epoch_time": [
    10244.169766902924,
    4047.1801693439484,
    3389.708174943924,
    1048.896926164627,
    981.4964611530304,
    992.9902770519257,
    987.3766620159149,
    993.1039800643921,
    987.26393866539,
    990.698851108551,
    626.5480017662048,
    475.0360050201416,
    476.73732137680054,
    475.12787079811096,
    475.3859338760376,
    473.8027980327606,
    471.5162525177002,
    473.9762351512909,
    473.14836978912354,
    449.1991398334503
  ]
}