{
  "train_loss": [
    1.1825499402152166,
    0.7932494746314155,
    0.6065785101166478,
    0.5426816211806403,
    0.4421858588854472,
    0.35743928176385387,
    0.3473444912168715,
    0.26664822741791055,
    0.207731946474976,
    0.16474105859244312,
    0.13144454208237152,
    0.09331888181191904,
    0.07281481957545986,
    0.05173028701985324,
    0.04033082378683267,
    0.04670595136229639,
    0.03450131844039316,
    0.017687277954623656,
    0.009254784892416663,
    0.008010466345930818,
    0.004456056497508177,
    0.0035084003832674135,
    0.002749248662170161,
    0.0022066991638254236,
    0.001648418858638723,
    0.0027177842976352957,
    0.0023150440624535636,
    0.0025115067859318246,
    0.005198384835643487,
    0.008759468825128689,
    0.020533940220182692,
    0.022085592719829746,
    0.08032249210885277,
    0.08383767165381599,
    0.07107479942755567,
    0.04649488588243171,
    0.026941386827578146,
    0.007393191214995804,
    0.004474842601835176,
    0.0028205439620823773,
    0.002262645908760735,
    0.001217092737702101,
    0.0009006512506554524,
    0.0016656341602491146,
    0.01830324614787026,
    0.011379181230613203,
    0.005829089137949739,
    0.004042575223138556,
    0.003660047823494231,
    0.0029291777237732378
  ],
  "val_loss": [
    2.742207821210225,
    1.078419534365336,
    0.8283067961533864,
    0.9985797166824341,
    0.7647552529970805,
    0.7778384799758593,
    1.0519208470980326,
    0.673975462714831,
    0.7294089128573735,
    0.5982454285025597,
    1.022492493192355,
    0.6119999058544636,
    0.7163424213727315,
    0.7490484098593394,
    0.8251263812184334,
    1.0357547412316004,
    0.7089345340927442,
    0.8008815348148346,
    0.8355527351299922,
    0.7949653431773186,
    0.630850738286972,
    0.6496113484104474,
    0.6712920318047205,
    0.6706939727067948,
    0.6753188560406367,
    0.6930867438515027,
    0.7346903964877128,
    0.7284002646803855,
    0.7231793423493703,
    0.800846795241038,
    1.4623832215865453,
    1.462665675083796,
    1.6256585301210482,
    1.8871266336956372,
    1.438154865304629,
    0.7011582563320796,
    0.729191905260086,
    0.8211937834819157,
    0.7186578383048375,
    0.7314245164394378,
    0.7529326399167379,
    0.7291467567284902,
    0.7538643802205721,
    0.8345725446939468,
    1.0873243637382983,
    0.8108360062042872,
    1.2414100910226504,
    0.8257080753644307,
    0.8778983483711879,
    0.8412167360385259
  ],
  "val_acc": [
    0.2665330661322645,
    0.5531062124248497,
    0.6746826987307949,
    0.6332665330661322,
    0.7107548430193721,
    0.7127588510354042,
    0.6680026720106881,
    0.7688710754843019,
    0.772879091516366,
    0.7989311957247829,
    0.6840347361389446,
    0.7922511690046761,
    0.7962591850367402,
    0.7675350701402806,
    0.7702070808283233,
    0.7615230460921844,
    0.8082832331329325,
    0.7929191716766867,
    0.7949231796927188,
    0.8129592518370073,
    0.8416833667334669,
    0.8303273213092852,
    0.8383433533734135,
    0.843687374749499,
    0.832999331997328,
    0.8303273213092852,
    0.8370073480293921,
    0.8289913159652639,
    0.8410153640614563,
    0.7909151636606546,
    0.706746826987308,
    0.7201068804275217,
    0.6860387441549766,
    0.6158984635938544,
    0.6953907815631263,
    0.8256513026052105,
    0.7869071476285905,
    0.7949231796927188,
    0.8209752839011356,
    0.8289913159652639,
    0.8289913159652639,
    0.8309953239812959,
    0.8236472945891784,
    0.8149632598530394,
    0.7348029392117569,
    0.8169672678690715,
    0.7381429525718103,
    0.8062792251169004,
    0.8156312625250501,
    0.824315297261189
  ],
  "epoch_time": [
    2699.1368067264557,
    2882.468235731125,
    2874.5140013694763,
    2850.9807171821594,
    2858.1072602272034,
    2582.062837123871,
    2665.5597829818726,
    2429.7177317142487,
    2259.463014125824,
    1546.851809501648,
    1070.1934905052185,
    1058.668999671936,
    1131.3038992881775,
    1073.83376455307,
    1106.3855633735657,
    873.8763620853424,
    979.7627232074738,
    1124.784935951233,
    975.9761991500854,
    336.68515396118164,
    315.83331847190857,
    316.8997948169708,
    314.7148690223694,
    316.37910985946655,
    321.6925654411316,
    319.4588143825531,
    328.81974720954895,
    338.7719533443451,
    333.08253145217896,
    315.9128746986389,
    317.1564004421234,
    324.49310421943665,
    217.05674576759338,
    200.66796851158142,
    207.84783458709717,
    194.27222967147827,
    195.43153977394104,
    196.54420113563538,
    194.47956705093384,
    194.90016627311707,
    208.8453712463379,
    202.21542048454285,
    210.87989115715027,
    215.1115915775299,
    209.1180853843689,
    224.99292182922363,
    307.7146382331848,
    321.6618814468384,
    303.20564126968384,
    290.7812147140503
  ]
}