{
  "train_loss": [
    1.24001278479894,
    0.7938978164284317,
    0.5511796220585152,
    0.4691451661012791,
    0.34500041714421026,
    0.22439527621975652,
    0.15529339319026028,
    0.10598305723181477,
    0.0871621708351153,
    0.058044403343013036,
    0.051512713751031294,
    0.02034230254314564,
    0.01952752079469738,
    0.01566843541028599,
    0.00862035398474998,
    0.003802002079922844,
    0.0032233755768242256,
    0.002532114100176841,
    0.0018714136375045335,
    0.0013684498176358088,
    0.0013025598471156424,
    0.0013769245814290588,
    0.0011515262594912201,
    0.0012670018455806981,
    0.0011991929344798405,
    0.0013113937554104875,
    0.0006623132503591478,
    0.000682069999769468,
    0.0008848169646053402,
    0.0004859505365688906,
    0.0005044184508733451,
    0.00043790717285850807,
    0.006415113763068803,
    0.06488138665790083,
    0.21571789930264154,
    0.1396446305292624,
    0.06150314649911942,
    0.027401725433904817,
    0.010391961580521806,
    0.003521943443316828,
    0.0019669612779075075,
    0.0012565755600075204,
    0.0010745622415992398,
    0.0008403913094230962,
    0.0010418386330086462,
    0.0008627427105912593,
    0.0006135731490320284,
    0.0006094407451908208,
    0.00047810444892901514,
    0.0005369315261271333
  ],
  "val_loss": [
    2.6244201064109802,
    1.1647290031115214,
    1.3940002878506979,
    1.0001134912172953,
    0.8357675172388553,
    0.6321760639548302,
    0.6003435571988424,
    0.7196480572223664,
    1.095484948406617,
    2.286546446852541,
    0.8169798076152801,
    0.9203943138321241,
    0.8456419090429942,
    0.8073940386374792,
    0.8790898747742176,
    0.6309533208608628,
    0.6690557315945626,
    0.6253074665864309,
    0.6507258892059327,
    0.652774985631307,
    0.6712060312430064,
    0.6537677576144536,
    0.6678853968779246,
    0.6630832413832347,
    0.6750628252824148,
    0.7007778073350589,
    0.6850166718165079,
    0.6738736669222514,
    0.692195501923561,
    0.6818846374750137,
    0.6907528147101403,
    0.6862397293249766,
    0.7926003972689311,
    3.60024612545191,
    2.060737384483218,
    1.7452630231777826,
    0.9246709465980529,
    0.97971084912618,
    0.7263099759817123,
    0.6818460325400034,
    0.7097118506828944,
    0.6935135756929716,
    0.7248933146397273,
    0.7342363342642784,
    0.7286654735604922,
    0.7437084620197614,
    0.7348832716544469,
    0.7401805872718493,
    0.7384940887490908,
    0.7504231651624044
  ],
  "val_acc": [
    0.25250501002004005,
    0.5778223112892451,
    0.5270541082164328,
    0.6593186372745491,
    0.6793587174348698,
    0.7742150968603875,
    0.7935871743486974,
    0.7715430861723447,
    0.7201068804275217,
    0.5557782231128925,
    0.770875083500334,
    0.7488309953239813,
    0.7682030728122913,
    0.7835671342685371,
    0.7668670674682698,
    0.8363393453573814,
    0.8249832999331997,
    0.8323313293253173,
    0.8323313293253173,
    0.8283233132932531,
    0.8323313293253173,
    0.8336673346693386,
    0.8269873079492318,
    0.8283233132932531,
    0.8263193052772211,
    0.8356713426853707,
    0.832999331997328,
    0.8323313293253173,
    0.8269873079492318,
    0.832999331997328,
    0.8343353373413493,
    0.8336673346693386,
    0.8096192384769539,
    0.5885103540414162,
    0.5517702070808284,
    0.6452905811623246,
    0.7715430861723447,
    0.7835671342685371,
    0.8236472945891784,
    0.824315297261189,
    0.8303273213092852,
    0.8323313293253173,
    0.8303273213092852,
    0.8276553106212425,
    0.8283233132932531,
    0.8296593186372746,
    0.8370073480293921,
    0.8303273213092852,
    0.8363393453573814,
    0.8309953239812959
  ],
  "epoch_time": [
    434.59567975997925,
    497.7762088775635,
    491.4627721309662,
    506.31844878196716,
    486.64749550819397,
    505.059561252594,
    523.9753150939941,
    501.6237018108368,
    507.33888149261475,
    539.7974932193756,
    522.0456435680389,
    516.2006108760834,
    524.1612823009491,
    520.1702210903168,
    493.0200035572052,
    468.6413893699646,
    453.8347611427307,
    400.0698001384735,
    375.8775351047516,
    345.707720041275,
    279.551424741745,
    287.96014380455017,
    277.25017952919006,
    255.76749968528748,
    218.98927450180054,
    215.16260266304016,
    213.9389364719391,
    216.03412318229675,
    214.6711995601654,
    218.35744953155518,
    217.14037322998047,
    215.98053789138794,
    223.5636010169983,
    208.93021702766418,
    199.96270203590393,
    198.44251108169556,
    202.68726682662964,
    197.16394090652466,
    196.45524072647095,
    199.14143657684326,
    198.55350184440613,
    202.2778549194336,
    202.43606662750244,
    201.10039925575256,
    197.95807361602783,
    198.3330955505371,
    201.75254130363464,
    199.64493012428284,
    199.75165629386902,
    201.70707178115845
  ]
}