{
  "train_loss": [
    1.20443351621981,
    0.9382732344998254,
    0.810664219988717,
    0.715576974330125,
    0.6105642092448694,
    0.4828950310194934,
    0.4952291658631078,
    0.44298702092082415,
    0.39585914586981136,
    0.3921632010627676,
    0.3437516416112582,
    0.3069654275421743,
    0.23671242829274247,
    0.25866266781533204,
    0.21351834621142457,
    0.25454268680402525,
    0.17558135754532284,
    0.12938294245826978,
    0.15879538403479038,
    0.09619905749611833
  ],
  "val_loss": [
    1.1732618103424708,
    1.311182909210523,
    1.49323575507539,
    1.134715686738491,
    0.815677035227418,
    0.7738249056041241,
    0.9716035137573878,
    0.755758165808705,
    0.8197505906224251,
    3.9371997673568937,
    0.7059449158608914,
    0.6245551620765278,
    1.165074711453053,
    0.5045341855691124,
    0.5729835070669651,
    1.5320147299285358,
    0.45302310039599736,
    1.1292208901014722,
    0.5314231311281522,
    0.6982539306705197
  ],
  "val_acc": [
    0.509686038744155,
    0.48363393453573816,
    0.49899799599198397,
    0.584502338009352,
    0.6893787575150301,
    0.7241148964595858,
    0.6506346025384101,
    0.7441549766199065,
    0.7201068804275217,
    0.42084168336673344,
    0.7421509686038744,
    0.790247160988644,
    0.7160988643954576,
    0.8196392785571143,
    0.8096192384769539,
    0.6793587174348698,
    0.8430193720774883,
    0.7561790247160989,
    0.8530394121576487,
    0.8283233132932531
  ],
  "epoch_time": [
    116.79147219657898,
    188.83853816986084,
    289.4877440929413,
    487.6309781074524,
    649.7383925914764,
    646.3888511657715,
    626.1717336177826,
    645.7993338108063,
    659.925562620163,
    639.3335106372833,
    628.024572134018,
    617.0066883563995,
    601.9162843227386,
    610.2030122280121,
    606.4761230945587,
    551.8527593612671,
    546.5977125167847,
    479.693963766098,
    436.13787817955017,
    404.0680134296417
  ]
}