{
  "train_loss": [
    1.1358016144346308,
    0.8715485555154306,
    0.816783133480284,
    0.738974924992632,
    0.671730430037887,
    0.632389020036768,
    0.618645085228814,
    0.5988478588837164,
    0.6036102302648403,
    0.5448051431664714,
    0.5596542993077526,
    0.5305666829700824,
    0.5082394099897809,
    0.49770719751163767,
    0.4944901681608624,
    0.4866039002383197,
    0.46670415638773527,
    0.4916255595507445,
    0.46754916619371484,
    0.4409192590801804
  ],
  "val_loss": [
    0.9840472420056661,
    0.7838172882795333,
    0.9345085300505162,
    0.8683437146246433,
    0.655503262579441,
    0.6903126100699107,
    0.7319392745693525,
    0.7391778369744618,
    0.7005468502640724,
    0.5983353873093923,
    0.6313750421007475,
    0.5952858532468478,
    0.5897802581389745,
    0.8039556747923294,
    0.8394696059326331,
    0.5461715156833331,
    0.9042796274026235,
    0.8830272157986959,
    0.6335345643262068,
    0.5453977689146996
  ],
  "val_acc": [
    0.58249832999332,
    0.6920507682030728,
    0.5951903807615231,
    0.6352705410821643,
    0.7314629258517034,
    0.7080828323313293,
    0.7047428189712759,
    0.7074148296593187,
    0.6953907815631263,
    0.7568470273881096,
    0.7381429525718103,
    0.7641950567802271,
    0.7849031396125584,
    0.7107548430193721,
    0.6466265865063461,
    0.7808951235804943,
    0.6305945223780896,
    0.6619906479625919,
    0.760187040748163,
    0.7855711422845691
  ],
  "epoch_time": [
    34.489962100982666,
    34.693753480911255,
    34.65316581726074,
    90.43023252487183,
    167.24103808403015,
    63.671387910842896,
    62.078723669052124,
    62.083003759384155,
    61.998509883880615,
    62.031328201293945,
    62.02465867996216,
    61.99599862098694,
    62.018362522125244,
    62.077778577804565,
    62.28737139701843,
    62.26587986946106,
    63.449997425079346,
    63.075631618499756,
    63.33846569061279,
    63.618417501449585
  ]
}