{
  "train_loss": [
    1.0787835628898055,
    0.7723714985229351,
    0.6095989142303113,
    0.49969595670700073,
    0.41633330561496595,
    0.3223436147802406,
    0.2781982914441162,
    0.2226401937228662,
    0.19820852336232309,
    0.15371366100454772,
    0.09852013702469843,
    0.063269910523323,
    0.04612249768925486,
    0.05178753915242851,
    0.07158234215307015,
    0.09064724097994191,
    0.059054284960169484,
    0.03054290567524731,
    0.010679599518577257,
    0.01660408262654932,
    0.06062651489844063,
    0.06372714313436989,
    0.0447880761542668,
    0.046568805972735085,
    0.05961349047720432,
    0.03609653989163538,
    0.01366226377258836,
    0.005582045788523155,
    0.009558945239405148,
    0.015022910307851379,
    0.01448218726350374,
    0.007304559391707665,
    0.0032709270647804565,
    0.0022964413631901457,
    0.001418651215283683,
    0.0031965729592937147,
    0.0013438459745547906,
    0.000689988826235532,
    0.0045691257691942155,
    0.0086506447852891,
    0.03020751502966353,
    0.11360851050940929,
    0.10657155397348106,
    0.025509380187873763,
    0.011159051272207525,
    0.0047424357412469195,
    0.0035948436162908802,
    0.0016840331318908957,
    0.002591376778447604,
    0.008456037996371311
  ],
  "val_loss": [
    1.1710707604885102,
    1.0811778381466866,
    1.1783134780824185,
    1.1194571604331334,
    0.5928992892305056,
    1.634428062972923,
    0.7199702292059859,
    0.6475832391530275,
    0.6916629013915857,
    0.8592075848331054,
    0.771035635812829,
    0.8175645804032683,
    0.8526761435282727,
    0.8760661852235595,
    0.5745351242522398,
    0.9512078584482272,
    0.6835398664077122,
    1.089180938868473,
    0.712242369602124,
    0.7765041048017641,
    0.8654469337935249,
    0.8578401654958725,
    0.7410739175975323,
    0.9428954013002415,
    0.9911962922972938,
    1.8143893787734366,
    0.8204415419138968,
    0.5994002928026021,
    0.8211159974957506,
    0.804063440238436,
    0.7331348672509194,
    0.7196450009942055,
    0.676223981504639,
    0.6102036613039672,
    0.6382299932340781,
    0.6564424846321344,
    0.6818882184724013,
    0.6918011889482538,
    0.7853399661835283,
    1.02049406444033,
    1.416602407892545,
    1.1594656521920115,
    0.6694538346181313,
    0.6527394031484922,
    0.6063693295543392,
    0.6723382729416092,
    0.7476774910387273,
    0.6909515817960104,
    0.7817348754654329,
    0.8436449969808261
  ],
  "val_acc": [
    0.5290581162324649,
    0.6025384101536406,
    0.58249832999332,
    0.6472945891783567,
    0.7788911155644622,
    0.5831663326653307,
    0.7688710754843019,
    0.7922511690046761,
    0.7722110888443554,
    0.7287909151636607,
    0.7668670674682698,
    0.7561790247160989,
    0.7855711422845691,
    0.7782231128924516,
    0.8423513694054776,
    0.770875083500334,
    0.8149632598530394,
    0.7100868403473614,
    0.8269873079492318,
    0.7942551770207081,
    0.7655310621242485,
    0.7835671342685371,
    0.7929191716766867,
    0.779559118236473,
    0.772879091516366,
    0.665998663994656,
    0.8056112224448898,
    0.8537074148296593,
    0.8283233132932531,
    0.8142952571810287,
    0.8316633266533067,
    0.8383433533734135,
    0.8496993987975952,
    0.85437541750167,
    0.8617234468937875,
    0.8476953907815631,
    0.8550434201736807,
    0.8530394121576487,
    0.843687374749499,
    0.7915831663326653,
    0.7221108884435538,
    0.7428189712758851,
    0.8263193052772211,
    0.8423513694054776,
    0.8603874415497662,
    0.8470273881095525,
    0.8463593854375417,
    0.8483633934535738,
    0.8476953907815631,
    0.8316633266533067
  ],
  "epoch_time": [
    1111.2337820529938,
    1268.8298234939575,
    1733.7266755104065,
    1429.081699848175,
    1336.449541091919,
    1293.3663682937622,
    1488.7656919956207,
    1393.1561570167542,
    1411.8156957626343,
    1246.0511991977692,
    1213.0408980846405,
    1056.145452260971,
    1195.3222904205322,
    1132.7963609695435,
    1257.153963804245,
    1136.0053720474243,
    1114.8352081775665,
    1023.3173451423645,
    911.7704527378082,
    967.6868681907654,
    643.2849588394165,
    590.1304199695587,
    514.1908490657806,
    577.0255587100983,
    623.4245808124542,
    586.9229252338409,
    617.014880657196,
    575.7500522136688,
    595.4523735046387,
    570.1936621665955,
    554.7364933490753,
    555.7789528369904,
    532.6828961372375,
    603.5893912315369,
    617.2343776226044,
    505.6342308521271,
    586.1545996665955,
    518.9030439853668,
    389.4777309894562,
    353.7340815067291,
    354.2490322589874,
    354.91857147216797,
    350.5360276699066,
    354.34046936035156,
    367.6487102508545,
    365.51625180244446,
    357.32564330101013,
    357.20310831069946,
    356.8798236846924,
    350.9033033847809
  ]
}