{
  "train_loss": [
    1.124265131023195,
    0.7569695357923154,
    0.5230786993547722,
    0.41257846383032976,
    0.2966728428447688,
    0.19697575416002008,
    0.14858786071892138,
    0.0832246443670657,
    0.06634766673151818,
    0.09537958184740057,
    0.04534852416771981,
    0.03752223137093501,
    0.02017935692263698,
    0.061560318326681025,
    0.02960540085203118,
    0.057701895358385866,
    0.1079616820939851,
    0.04255954723123944,
    0.018545771918811457,
    0.013925869470565684,
    0.012910353448845583,
    0.02513782507567494,
    0.02221440401411167,
    0.030868425387544213,
    0.038688619306345505,
    0.02630704855848173,
    0.010064822469656873,
    0.005902730282590103,
    0.013371718939904693,
    0.004831704675948627,
    0.004116264123391981,
    0.0028529797944227336,
    0.008207881532413282,
    0.020676532622288774,
    0.02372362366144511,
    0.01592799938602925,
    0.01575167580988448,
    0.0055797316958045556,
    0.00941583538614968,
    0.012841614075888949,
    0.008153098698972759,
    0.008557053357233398,
    0.01487699860525835,
    0.005492444449811484,
    0.053046489412668894,
    0.07495381240732968,
    0.06573240176119187,
    0.049057400209777474,
    0.024214962430522537,
    0.011665470574236544
  ],
  "val_loss": [
    1.3804945766925811,
    1.0496594632665317,
    0.8886129193007946,
    0.6900962625940641,
    0.615591648221016,
    0.988615246489644,
    0.8043065913021564,
    0.6715831353639563,
    0.8665730147622526,
    1.219965194662412,
    0.7725788516302904,
    0.8514868115579399,
    0.6831412322819232,
    0.9363861260314782,
    1.2781642167673757,
    0.846285110215346,
    0.8211046770215035,
    0.7254150126750271,
    0.7963017890850703,
    0.7133297876765331,
    0.8042145462085803,
    0.9637840370337168,
    1.32072425087293,
    1.015390941586035,
    0.8833544028302034,
    1.5006448244055113,
    0.7509256095935901,
    0.7624261776606241,
    0.9072687458246946,
    0.7318130696813265,
    0.7319210012753804,
    0.7885418109595775,
    0.9012026521066825,
    0.9576321214437484,
    0.7785153600076834,
    0.9713495012062291,
    0.975630038479964,
    0.8858306250224511,
    1.1130451085666815,
    0.8210996386905511,
    0.9714442985753219,
    0.7529255949426442,
    0.8511269490700215,
    0.7874446138739586,
    1.4663156499465306,
    1.1406966149806976,
    0.9514071901639303,
    0.8305727380017439,
    0.7739241542915504,
    0.7257378376399477
  ],
  "val_acc": [
    0.47227788911155644,
    0.6192384769539078,
    0.7014028056112225,
    0.758183032732131,
    0.7828991315965264,
    0.6933867735470942,
    0.7528390113560455,
    0.7889111556446226,
    0.7802271209084837,
    0.6706746826987308,
    0.7762191048764195,
    0.7621910487641951,
    0.8109552438209753,
    0.7501670006680027,
    0.6860387441549766,
    0.800935203740815,
    0.772879091516366,
    0.8062792251169004,
    0.7982631930527722,
    0.8176352705410822,
    0.8156312625250501,
    0.7641950567802271,
    0.7100868403473614,
    0.7688710754843019,
    0.8016032064128257,
    0.6793587174348698,
    0.8122912491649966,
    0.8203072812291249,
    0.8036072144288577,
    0.8363393453573814,
    0.8256513026052105,
    0.8309953239812959,
    0.8256513026052105,
    0.8022712090848363,
    0.8249832999331997,
    0.779559118236473,
    0.7775551102204409,
    0.8136272545090181,
    0.7628590514362057,
    0.8136272545090181,
    0.8082832331329325,
    0.8430193720774883,
    0.8136272545090181,
    0.822311289245157,
    0.706746826987308,
    0.7641950567802271,
    0.7775551102204409,
    0.8102872411489646,
    0.8036072144288577,
    0.8283233132932531
  ],
  "epoch_time": [
    619.3136348724365,
    622.7128307819366,
    651.7640209197998,
    640.8173272609711,
    648.3145442008972,
    643.4395034313202,
    623.6444699764252,
    635.1977379322052,
    611.7753057479858,
    609.1973094940186,
    615.0805215835571,
    583.901035785675,
    551.70103931427,
    519.3438985347748,
    452.3082015514374,
    426.3369631767273,
    364.7691373825073,
    336.77320528030396,
    318.05825662612915,
    278.66552996635437,
    250.95657873153687,
    251.48615097999573,
    251.82222890853882,
    255.24285626411438,
    250.62727737426758,
    251.87686276435852,
    255.06513452529907,
    257.82323455810547,
    249.4308590888977,
    253.30597925186157,
    255.2273666858673,
    252.20798802375793,
    251.56297540664673,
    256.61289381980896,
    254.31930565834045,
    248.55970549583435,
    251.42769932746887,
    254.8158187866211,
    255.00909161567688,
    255.1834740638733,
    246.8701467514038,
    199.39585041999817,
    199.51890540122986,
    199.6459720134735,
    185.97039198875427,
    155.49534702301025,
    153.69931173324585,
    154.17850494384766,
    160.19704461097717,
    157.80051398277283
  ]
}